reference_C,core_raw,case_raw
15,16.236769,13.348317
15,16.220428,13.347735
15,16.252203,13.341392
25,26.552348,23.017122
25,26.539729,23.041083
25,26.561659,23.042455
35,36.838063,32.756818
35,36.863717,32.764246
35,36.853878,32.72764
45,47.148561,42.467162
45,47.117241,42.438357
45,47.186374,42.440904
55,57.46196,52.153276
55,57.450497,52.142052
55,57.446103,52.132429
65,67.772041,61.858923
65,67.752037,61.854945
65,67.762466,61.836349
75,78.035301,71.533416
75,78.040958,71.561989
75,78.057524,71.551097
