time_s,power_W,fan,ambient_C
0,0,0.0,28.0
10,0,0.0,28.0
20,0,0.0,28.0
30,0,0.0,28.0
40,0,0.0,28.0
50,220,0.0,28.0
60,220,0.0,28.0
70,220,0.0,28.0
80,220,0.0,28.0
90,220,0.0,28.0
100,220,0.0,28.0
110,220,0.0,28.0
120,220,0.0,28.0
130,220,0.0,28.0
140,220,0.0,28.0
150,220,0.0,28.0
160,220,0.0,28.0
170,220,0.0,28.0
180,220,1.0,28.0
190,220,1.0,28.0
200,220,1.0,28.0
210,220,1.0,28.0
220,220,1.0,28.0
230,220,1.0,28.0
240,220,1.0,28.0
250,310,1.0,28.0
260,310,1.0,28.0
270,310,1.0,28.0
280,310,1.0,28.0
290,310,1.0,28.0
300,310,1.0,28.0
310,310,1.0,28.0
320,310,1.0,28.0
330,310,1.0,28.0
340,310,1.0,28.0
350,310,1.0,28.0
360,310,0.0,28.0
370,310,0.0,28.0
380,310,0.0,28.0
390,310,0.0,28.0
400,310,0.0,28.0
410,310,0.0,28.0
420,310,0.0,28.0
430,310,0.0,28.0
440,310,0.0,28.0
450,310,0.0,28.0
460,310,0.0,28.0
470,310,0.0,28.0
480,310,0.0,28.0
490,310,0.0,28.0
500,180,0.0,28.0
510,180,0.0,28.0
520,180,0.0,28.0
530,180,0.0,28.0
540,180,1.0,28.0
550,180,1.0,28.0
560,180,1.0,28.0
570,180,1.0,28.0
580,180,1.0,28.0
590,180,1.0,28.0
600,180,1.0,28.0
610,180,1.0,28.0
620,180,1.0,28.0
630,180,1.0,28.0
640,180,1.0,28.0
650,180,1.0,28.0
660,180,1.0,28.0
670,180,1.0,28.0
680,180,1.0,28.0
690,180,1.0,28.0
700,180,1.0,28.0
710,180,1.0,28.0
720,180,0.0,28.0
730,180,0.0,28.0
740,180,0.0,28.0
750,220,0.0,28.0
760,220,0.0,28.0
770,220,0.0,28.0
780,220,0.0,28.0
790,220,0.0,28.0
800,220,0.0,28.0
810,220,0.0,28.0
820,220,0.0,28.0
830,220,0.0,28.0
840,220,0.0,28.0
850,220,0.0,28.0
860,220,0.0,28.0
870,220,0.0,28.0
880,220,0.0,28.0
890,220,0.0,28.0
900,220,1.0,28.0
910,220,1.0,28.0
920,220,1.0,28.0
930,220,1.0,28.0
940,220,1.0,28.0
950,220,1.0,28.0
960,220,1.0,28.0
970,220,1.0,28.0
980,220,1.0,28.0
990,220,1.0,28.0
1000,310,1.0,28.0
1010,310,1.0,28.0
1020,310,1.0,28.0
1030,310,1.0,28.0
1040,310,1.0,28.0
1050,310,1.0,28.0
1060,310,1.0,28.0
1070,310,1.0,28.0
1080,310,0.0,28.0
1090,310,0.0,28.0
1100,310,0.0,28.0
1110,310,0.0,28.0
1120,310,0.0,28.0
1130,310,0.0,28.0
1140,310,0.0,28.0
1150,310,0.0,28.0
1160,310,0.0,28.0
1170,310,0.0,28.0
1180,310,0.0,28.0
1190,310,0.0,28.0
1200,310,0.0,28.0
1210,310,0.0,28.0
1220,310,0.0,28.0
1230,310,0.0,28.0
1240,310,0.0,28.0
1250,180,0.0,28.0
1260,180,1.0,28.0
1270,180,1.0,28.0
1280,180,1.0,28.0
1290,180,1.0,28.0
1300,180,1.0,28.0
1310,180,1.0,28.0
1320,180,1.0,28.0
1330,180,1.0,28.0
1340,180,1.0,28.0
1350,180,1.0,28.0
1360,180,1.0,28.0
1370,180,1.0,28.0
1380,180,1.0,28.0
1390,180,1.0,28.0
1400,180,1.0,28.0
1410,180,1.0,28.0
1420,180,1.0,28.0
1430,180,1.0,28.0
1440,180,0.0,28.0
1450,180,0.0,28.0
1460,180,0.0,28.0
1470,180,0.0,28.0
1480,180,0.0,28.0
1490,180,0.0,28.0
1500,220,0.0,28.0
1510,0,0.0,28.0
1520,0,0.0,28.0
1530,0,0.0,28.0
1540,0,0.0,28.0
1550,0,0.0,28.0
1560,0,0.0,28.0
1570,0,0.0,28.0
1580,0,0.0,28.0
1590,0,0.0,28.0
1600,0,0.0,28.0
1610,0,0.0,28.0
1620,0,1.0,28.0
1630,0,1.0,28.0
1640,0,1.0,28.0
1650,0,1.0,28.0
1660,0,1.0,28.0
1670,0,1.0,28.0
1680,0,1.0,28.0
1690,0,1.0,28.0
1700,0,1.0,28.0
1710,0,1.0,28.0
1720,0,1.0,28.0
1730,0,1.0,28.0
1740,0,1.0,28.0
1750,0,1.0,28.0
1760,0,1.0,28.0
1770,0,1.0,28.0
1780,0,1.0,28.0
1790,0,1.0,28.0
1800,0,0.0,28.0
