time_s,power_W,fan,ambient_C,core_raw,case_raw,core_valid,case_valid
0,0.0,0.0,24.763719,25.863096,30.403214,1,0
10,0.0,0.0,24.754458,25.981748,22.453694,1,1
20,0.0,0.0,24.744216,25.809307,22.514935,1,1
30,0.0,0.0,24.733021,25.993168,22.581513,1,1
40,0.0,0.0,24.720903,26.090369,22.515286,1,1
50,185.0,0.0,24.707896,25.87437,22.424193,1,1
60,185.0,0.0,24.694037,26.008373,22.356036,1,1
70,185.0,0.0,24.679363,26.0638,22.461132,1,1
80,185.0,0.0,24.663916,29.523472,22.630106,1,1
90,85.0,1.0,24.647738,32.794076,22.751783,1,1
100,85.0,1.0,24.630874,35.460822,23.254541,1,1
110,85.0,1.0,24.61337,37.967273,23.958049,1,1
120,85.0,1.0,24.595276,38.283941,24.504866,1,1
130,85.0,1.0,24.57664,38.714238,25.174614,1,1
140,85.0,1.0,24.557516,31.120128,25.677046,0,1
150,85.0,1.0,24.537955,39.511033,26.27871,1,1
160,85.0,1.0,24.518012,40.080482,26.678212,1,1
170,85.0,1.0,24.497743,40.458133,27.102346,1,1
180,155.0,0.0,24.477202,41.042731,27.549079,1,1
190,155.0,0.0,24.456448,41.739289,27.821222,1,1
200,155.0,0.0,24.435538,42.898313,20.307157,1,0
210,155.0,0.0,24.414529,44.782374,28.603386,1,1
220,155.0,0.0,24.393479,46.739182,,1,1
230,155.0,0.0,24.372448,48.777062,29.563752,1,1
240,155.0,0.0,24.351494,50.617224,29.942499,1,1
250,155.0,0.0,24.330673,52.186679,30.670578,1,1
260,155.0,0.0,24.310045,53.835159,31.436329,1,1
270,55.0,0.0,24.289665,55.485862,32.086579,1,1
280,55.0,0.0,24.269592,56.847026,32.72909,1,1
290,55.0,0.0,24.249879,58.238802,33.614642,1,1
300,55.0,0.0,24.230582,57.895064,34.156064,1,1
310,55.0,0.0,24.211754,57.281788,34.721353,1,1
320,55.0,0.0,24.193448,56.970726,35.236098,1,1
330,55.0,0.0,24.175714,56.768676,35.880358,1,1
340,55.0,0.0,24.158601,,36.348582,1,1
350,55.0,0.0,24.142156,56.301067,36.668332,1,1
360,120.0,1.0,24.126426,56.324302,37.079982,1,1
370,120.0,1.0,24.111453,55.540888,37.307671,1,1
380,120.0,1.0,24.097279,54.779998,37.364801,1,1
390,120.0,1.0,24.083944,55.411356,37.611011,1,1
400,120.0,1.0,24.071484,56.109684,37.573795,1,1
410,120.0,1.0,24.059933,56.55203,37.685538,1,1
420,120.0,1.0,24.049325,57.140205,37.862812,1,1
430,120.0,1.0,24.039687,57.750259,38.114478,1,1
440,120.0,1.0,24.031048,50.160266,38.365767,0,1
450,185.0,0.0,24.02343,58.432839,38.508584,1,1
460,185.0,0.0,24.016856,59.520252,38.883558,1,1
470,185.0,0.0,24.011342,60.66366,39.210079,1,1
480,185.0,0.0,24.006905,62.801704,39.768535,1,1
490,185.0,0.0,24.003556,64.970241,40.212444,1,1
500,185.0,0.0,24.001305,67.011886,40.894106,1,1
510,185.0,0.0,24.000159,68.826939,41.383341,1,1
520,185.0,0.0,24.00012,70.601564,42.060087,1,1
530,185.0,0.0,24.001188,72.179246,42.807633,1,1
540,85.0,0.0,24.003361,74.016672,35.418809,1,0
550,85.0,0.0,24.006632,75.533524,44.187784,1,1
560,85.0,0.0,24.010992,77.00756,44.969624,1,1
570,85.0,0.0,24.01643,76.392286,45.727367,1,1
580,85.0,0.0,24.022931,68.109971,46.375055,0,1
590,85.0,0.0,24.030475,75.87587,46.946682,1,1
600,85.0,0.0,24.039043,75.775999,47.40321,1,1
610,85.0,0.0,24.04861,75.535105,47.960434,1,1
620,85.0,0.0,24.059151,75.378868,48.563138,1,1
630,155.0,1.0,24.070636,75.356892,48.946013,1,1
640,155.0,1.0,24.083032,74.421673,48.887134,1,1
650,155.0,1.0,24.096307,73.580827,48.821141,1,1
660,155.0,1.0,24.110423,74.214914,48.690566,1,1
670,155.0,1.0,24.12534,74.577559,48.619636,1,1
680,155.0,1.0,24.141019,75.102726,48.760177,1,1
690,155.0,1.0,24.157414,75.451785,48.817553,1,1
700,155.0,1.0,24.174482,75.73312,48.71475,1,1
710,155.0,1.0,24.192174,75.906265,48.800117,1,1
720,55.0,0.0,24.210441,76.08836,48.915464,1,1
730,55.0,0.0,24.229233,77.528444,49.349717,1,1
740,55.0,0.0,24.248499,78.438461,49.948356,1,1
750,55.0,0.0,24.268184,77.897943,50.289644,1,1
760,55.0,0.0,24.288234,76.959357,50.693906,1,1
770,55.0,0.0,24.308593,76.655166,51.076436,1,1
780,55.0,0.0,24.329206,76.075746,51.474637,1,1
790,55.0,0.0,24.350015,75.73464,51.745214,1,1
800,55.0,0.0,24.370962,75.356082,52.003306,1,1
810,120.0,0.0,24.39199,75.138116,52.122052,1,1
820,120.0,0.0,24.413039,82.629592,52.232615,0,1
830,120.0,0.0,24.434053,74.376718,52.452375,1,1
840,120.0,0.0,24.454972,75.249403,52.559935,1,1
850,120.0,0.0,24.47574,76.25091,52.735825,1,1
860,120.0,0.0,24.496297,77.134944,53.016739,1,1
870,120.0,0.0,24.516588,77.949268,53.235327,1,1
880,120.0,0.0,24.536555,78.803861,53.506158,1,1
890,120.0,0.0,24.556145,79.473896,53.636743,1,1
900,185.0,1.0,24.575302,80.136437,54.111263,1,1
910,185.0,1.0,24.593974,80.12137,53.690263,1,1
920,185.0,1.0,24.612108,79.680788,53.603043,1,1
930,185.0,1.0,24.629655,80.841375,53.345867,1,1
940,185.0,1.0,24.646566,81.370413,53.195676,1,1
950,185.0,1.0,24.662795,82.02624,53.17216,1,1
960,185.0,1.0,24.678295,82.701563,53.086051,1,1
970,185.0,1.0,24.693025,83.36101,53.187526,1,1
980,185.0,1.0,24.706943,83.827729,53.26591,1,1
990,85.0,0.0,24.720011,84.314302,53.329232,1,1
1000,85.0,0.0,24.732193,85.792546,,1,0
1010,0.0,0.0,24.743455,87.353905,62.412821,1,0
1020,0.0,0.0,24.753765,86.867516,55.043297,1,1
1030,0.0,0.0,24.763096,86.378209,55.440522,1,1
1040,0.0,0.0,24.771422,84.477877,55.937923,1,1
1050,0.0,0.0,24.778718,82.554542,56.280341,1,1
1060,0.0,0.0,24.784966,81.266685,56.530726,1,1
1070,0.0,0.0,24.790148,79.590034,56.569564,1,1
1080,0.0,0.0,24.794249,,56.529533,1,1
1090,0.0,0.0,24.797259,76.804245,56.718038,1,1
1100,0.0,0.0,24.799168,75.717915,56.560178,1,1
1110,0.0,0.0,24.799972,74.728045,56.461239,1,1
1120,0.0,0.0,24.799668,73.768614,56.396156,1,1
1130,0.0,0.0,24.798257,72.803532,,1,0
1140,0.0,0.0,24.795743,72.014081,56.001824,1,1
1150,0.0,0.0,24.792134,71.26988,55.905717,1,1
1160,0.0,0.0,24.787438,70.42052,55.488121,1,1
1170,0.0,1.0,24.781669,69.800485,55.190171,1,1
1180,0.0,1.0,24.774843,68.674847,,1,1
1190,0.0,1.0,24.76698,67.561764,53.05745,1,1
1200,0.0,1.0,24.758099,66.267864,52.005353,1,1
